{
    "data": [
        {
            "id" : 1,
            "title": "ACADEMY DINOSAUR",
            "release_year": "2006",
            "length": 86,
            "description": "A Epic Drama of a Feminist And a Mad Scientist who must Battle a Teacher in The Canadian Rockies",
            "rating": "PG",
            "special_features": "Deleted Scenes,Behind the Scenes",
            "image": "",
            "language_id": 1,
            "reviews" :
            [
                {
                    "source" : "Internet movie database",
                    "score" : 84.2,
                    "votes" : 2
                },
                {
                    "source" : "Rotten tomatoes",
                    "score" : 78.5,
                    "votes" : 4
                },
                {
                    "source" : "Metacritic",
                    "score" : 84.1,
                    "votes" : 3
                }
            ]
        },
        {
            "id" : 2,
            "title": "ACE GOLDFINGER",
            "release_year": "2006",
            "length": 48,
            "description": "A Astounding Epistle of a Database Administrator And a Explorer who must Find a Car in Ancient China",
            "rating": "G",
            "special_features": "Trailers,Deleted Scenes",
            "image": "",
            "language_id": 1,
            "reviews" :
            [
                {
                    "source" : "Internet movie database",
                    "score" : 60.2,
                    "votes" : 1531
                },
                {
                    "source" : "Rotten tomatoes",
                    "score" : 54.7,
                    "votes" : 845
                },
                {
                    "source" : "Metacritic",
                    "score" : 52.3,
                    "votes" : 877
                }
            ]
        },
        {
            "id" : 3,
            "title": "ADAPTATION HOLES",
            "release_year": "2006",
            "length": 50,
            "description": "A Astounding Reflection of a Lumberjack And a Car who must Sink a Lumberjack in A Baloon Factory",
            "rating": "NC-17",
            "special_features": "Trailers,Deleted Scenes",
            "image": "",
            "language_id": 1,
            "reviews" :
            [
                {
                    "source" : "Internet movie database",
                    "score" : 0.0,
                    "votes" : 0
                },
                {
                    "source" : "Rotten tomatoes",
                    "score" : 0.0,
                    "votes" : 0
                },
                {
                    "source" : "Metacritic",
                    "score" : 0.0,
                    "votes" : 0
                }
            ]
        },
        {
            "id" : 4,
            "title": "AFFAIR PREJUDICE",
            "release_year": "2006",
            "length": 117,
            "description": "A Fanciful Documentary of a Frisbee And a Lumberjack who must Chase a Monkey in A Shark Tank",
            "rating": "G",
            "special_features": "Commentaries,Behind the Scenes",
            "image": "",
            "language_id": 1,
            "reviews" :
            [
                {
                    "source" : "Internet movie database",
                    "score" : 74.2,
                    "votes" : 1212
                },
                {
                    "source" : "Rotten tomatoes",
                    "score" : 71.8,
                    "votes" : 458
                },
                {
                    "source" : "Metacritic",
                    "score" : 68.0,
                    "votes" : 400
                }
            ]
        },
        {
            "id" : 5,
            "title": "AFRICAN EGG",
            "release_year": "2006",
            "length": 130,
            "description": "A Fast-Paced Documentary of a Pastry Chef And a Dentist who must Pursue a Forensic Psychologist in The Gulf of Mexico",
            "rating": "G",
            "special_features": "Deleted Scenes",
            "image": "",
            "language_id": 1,
            "reviews" :
            [
                {
                    "source" : "Internet movie database",
                    "score" : 68.2,
                    "votes" : 1485
                },
                {
                    "source" : "Rotten tomatoes",
                    "score" : 62.8,
                    "votes" : 114
                },
                {
                    "source" : "Metacritic",
                    "score" : 64.7,
                    "votes" : 456
                }
            ]
        },
        {
            "id" : 6,
            "title": "AGENT TRUMAN",
            "release_year": "2006",
            "length": 169,
            "description": "A Intrepid Panorama of a Robot And a Boy who must Escape a Sumo Wrestler in Ancient China",
            "rating": "PG",
            "special_features": "Deleted Scenes",
            "image": "",
            "language_id": 1,
            "reviews" :
            [
                {
                    "source" : "Internet movie database",
                    "score" : 14.5,
                    "votes" : 123
                },
                {
                    "source" : "Rotten tomatoes",
                    "score" : 18.8,
                    "votes" : 34
                },
                {
                    "source" : "Metacritic",
                    "score" : 15.1,
                    "votes" : 678
                }
            ]
        },
        {
            "id" : 7,
            "title": "AIRPLANE SIERRA",
            "release_year": "2006",
            "length": 62,
            "description": "A Touching Saga of a Hunter And a Butler who must Discover a Butler in A Jet Boat",
            "rating": "PG-13",
            "special_features": "Trailers,Deleted Scenes",
            "image": "",
            "language_id": 1,
            "reviews" :
            [
                {
                    "source" : "Internet movie database",
                    "score" : 34.2,
                    "votes" : 435
                },
                {
                    "source" : "Rotten tomatoes",
                    "score" : 43.9,
                    "votes" : 546
                },
                {
                    "source" : "Metacritic",
                    "score" : 36.0,
                    "votes" : 763
                }
            ]
        },
        {
            "id" : 8,
            "title": "AIRPORT POLLOCK",
            "release_year": "2006",
            "length": 54,
            "description": "A Epic Tale of a Moose And a Girl who must Confront a Monkey in Ancient India",
            "rating": "R",
            "special_features": "Trailers",
            "image": "",
            "language_id": 1,
            "reviews" :
            [
                {
                    "source" : "Internet movie database",
                    "score" : 98.2,
                    "votes" : 534
                },
                {
                    "source" : "Rotten tomatoes",
                    "score" : 90.9,
                    "votes" : 646
                },
                {
                    "source" : "Metacritic",
                    "score" : 87.0,
                    "votes" : 757
                }
            ]
        },
        {
            "id" : 9,
            "title": "ALABAMA DEVIL",
            "release_year": "2006",
            "length": 114,
            "description": "A Thoughtful Panorama of a Database Administrator And a Mad Scientist who must Outgun a Mad Scientist in A Jet Boat",
            "rating": "PG-13",
            "special_features": "Trailers,Deleted Scenes",
            "image": "",
            "language_id": 1,
            "reviews" :
            [
                {
                    "source" : "Internet movie database",
                    "score" : 5.2,
                    "votes" : 756
                },
                {
                    "source" : "Rotten tomatoes",
                    "score" : 8.9,
                    "votes" : 234
                },
                {
                    "source" : "Metacritic",
                    "score" : 3.0,
                    "votes" : 644
                }
            ]
        },
        {
            "id" : 10,
            "title": "ALADDIN CALENDAR",
            "release_year": "2006",
            "length": 63,
            "description": "A Action-Packed Tale of a Man And a Lumberjack who must Reach a Feminist in Ancient China",
            "rating": "NC-17",
            "special_features": "Trailers,Deleted Scenes",
            "image": "",
            "language_id": 1,
            "reviews" :
            [
                {
                    "source" : "Internet movie database",
                    "score" : 76.4,
                    "votes" : 123
                },
                {
                    "source" : "Rotten tomatoes",
                    "score" : 77.0,
                    "votes" : 111
                },
                {
                    "source" : "Metacritic",
                    "score" : 78.3,
                    "votes" : 145
                }
            ]
        },
        {
            "id" : 11,
            "title": "ALAMO VIDEOTAPE",
            "release_year": "2006",
            "length": 126,
            "description": "A Boring Epistle of a Butler And a Cat who must Fight a Pastry Chef in A MySQL Convention",
            "rating": "G",
            "special_features": "Commentaries,Behind the Scenes",
            "image": "",
            "language_id": 1,
            "reviews" :
            [
                {
                    "source" : "Internet movie database",
                    "score" : 78.2,
                    "votes" : 463
                },
                {
                    "source" : "Rotten tomatoes",
                    "score" : 83.9,
                    "votes" : 987
                },
                {
                    "source" : "Metacritic",
                    "score" : 75.0,
                    "votes" : 245
                }
            ]
        },
        {
            "id" : 12,
            "title": "ALASKA PHANTOM",
            "release_year": "2006",
            "length": 136,
            "description": "A Fanciful Saga of a Hunter And a Pastry Chef who must Vanquish a Boy in Australia",
            "rating": "PG",
            "special_features": "Commentaries,Deleted Scenes",
            "image": "",
            "language_id": 1,
            "reviews" :
            [
                {
                    "source" : "Internet movie database",
                    "score" : 23.2,
                    "votes" : 132
                },
                {
                    "source" : "Rotten tomatoes",
                    "score" : 34.9,
                    "votes" : 657
                },
                {
                    "source" : "Metacritic",
                    "score" : 32.0,
                    "votes" : 235
                }
            ]
        },
        {
            "id" : 13,
            "title": "ALI FOREVER",
            "release_year": "2006",
            "length": 150,
            "description": "A Action-Packed Drama of a Dentist And a Crocodile who must Battle a Feminist in The Canadian Rockies",
            "rating": "PG",
            "special_features": "Deleted Scenes,Behind the Scenes",
            "image": "",
            "language_id": 1,
            "reviews" :
            [
                {
                    "source" : "Internet movie database",
                    "score" : 55.4,
                    "votes" : 5645
                },
                {
                    "source" : "Rotten tomatoes",
                    "score" : 42.9,
                    "votes" : 2344
                },
                {
                    "source" : "Metacritic",
                    "score" : 56.3,
                    "votes" : 2245
                }
            ]
        },
        {
            "id" : 14,
            "title": "ALICE FANTASIA",
            "release_year": "2006",
            "length": 94,
            "description": "A Emotional Drama of a A Shark And a Database Administrator who must Vanquish a Pioneer in Soviet Georgia",
            "rating": "NC-17",
            "special_features": "Trailers,Deleted Scenes,Behind the Scenes",
            "image": "",
            "language_id": 1,
            "reviews" :
            [
                {
                    "source" : "Internet movie database",
                    "score" : 34.2,
                    "votes" : 234
                },
                {
                    "source" : "Rotten tomatoes",
                    "score" : 43.0,
                    "votes" : 525
                },
                {
                    "source" : "Metacritic",
                    "score" : 44.0,
                    "votes" : 878
                }
            ]
        },
        {
            "id" : 15,
            "title": "ALIEN CENTER",
            "release_year": "2006",
            "length": 46,
            "description": "A Brilliant Drama of a Cat And a Mad Scientist who must Battle a Feminist in A MySQL Convention",
            "rating": "NC-17",
            "special_features": "Trailers,Commentaries,Behind the Scenes",
            "image": "",
            "language_id": 1,
            "reviews" :
            [
                {
                    "source" : "Internet movie database",
                    "score" : 12.3,
                    "votes" : 12
                },
                {
                    "source" : "Rotten tomatoes",
                    "score" : 11.8,
                    "votes" : 45
                },
                {
                    "source" : "Metacritic",
                    "score" : 10.0,
                    "votes" : 76
                }
            ]
        },
        {
            "id" : 16,
            "title": "ALLEY EVOLUTION",
            "release_year": "2006",
            "length": 180,
            "description": "A Fast-Paced Drama of a Robot And a Composer who must Battle a Astronaut in New Orleans",
            "rating": "NC-17",
            "special_features": "Trailers,Commentaries",
            "image": "",
            "language_id": 1,
            "reviews" :
            [
                {
                    "source" : "Internet movie database",
                    "score" : 55.2,
                    "votes" : 243
                },
                {
                    "source" : "Rotten tomatoes",
                    "score" : 66.9,
                    "votes" : 444
                },
                {
                    "source" : "Metacritic",
                    "score" : 65.0,
                    "votes" : 656
                }
            ]
        },
        {
            "id" : 17,
            "title": "ALONE TRIP",
            "release_year": "2006",
            "length": 82,
            "description": "A Fast-Paced Character Study of a Composer And a Dog who must Outgun a Boat in An Abandoned Fun House",
            "rating": "R",
            "special_features": "Trailers,Behind the Scenes",
            "image": "",
            "language_id": 1,
            "reviews" :
            [
                {
                    "source" : "Internet movie database",
                    "score" : 23.2,
                    "votes" : 143
                },
                {
                    "source" : "Rotten tomatoes",
                    "score" : 23.9,
                    "votes" : 665
                },
                {
                    "source" : "Metacritic",
                    "score" : 20.0,
                    "votes" : 431
                }
            ]
        },
        {
            "id" : 18,
            "title": "ALTER VICTORY",
            "release_year": "2006",
            "length": 57,
            "description": "A Thoughtful Drama of a Composer And a Feminist who must Meet a Secret Agent in The Canadian Rockies",
            "rating": "PG-13",
            "special_features": "Trailers,Behind the Scenes",
            "image": "",
            "language_id": 1,
            "reviews" :
            [
                {
                    "source" : "Internet movie database",
                    "score" : 43.5,
                    "votes" : 435
                },
                {
                    "source" : "Rotten tomatoes",
                    "score" : 67.9,
                    "votes" : 1009
                },
                {
                    "source" : "Metacritic",
                    "score" : 32.4,
                    "votes" : 1100
                }
            ]
        },
        {
            "id" : 19,
            "title": "AMADEUS HOLY",
            "release_year": "2006",
            "length": 113,
            "description": "A Emotional Display of a Pioneer And a Technical Writer who must Battle a Man in A Baloon",
            "rating": "PG",
            "special_features": "Commentaries,Deleted Scenes,Behind the Scenes",
            "image": "",
            "language_id": 1,
            "reviews" :
            [
                {
                    "source" : "Internet movie database",
                    "score" : 27.2,
                    "votes" : 34
                },
                {
                    "source" : "Rotten tomatoes",
                    "score" : 24.9,
                    "votes" : 65
                },
                {
                    "source" : "Metacritic",
                    "score" : 28.0,
                    "votes" : 77
                }
            ]
        },
        {
            "id" : 20,
            "title": "AMELIE HELLFIGHTERS",
            "release_year": "2006",
            "length": 79,
            "description": "A Boring Drama of a Woman And a Squirrel who must Conquer a Student in A Baloon",
            "rating": "R",
            "special_features": "Commentaries,Deleted Scenes,Behind the Scenes",
            "image": "",
            "language_id": 1,
            "reviews" :
            [
                {
                    "source" : "Internet movie database",
                    "score" : 99.2,
                    "votes" : 34
                },
                {
                    "source" : "Rotten tomatoes",
                    "score" : 95.9,
                    "votes" : 54
                },
                {
                    "source" : "Metacritic",
                    "score" : 87.0,
                    "votes" : 77
                }
            ]
        },
        {
            "id" : 21,
            "title": "AMERICAN CIRCUS",
            "release_year": "2006",
            "length": 129,
            "description": "A Insightful Drama of a Girl And a Astronaut who must Face a Database Administrator in A Shark Tank",
            "rating": "R",
            "special_features": "Commentaries,Behind the Scenes",
            "image": "",
            "language_id": 1,
            "reviews" :
            [
                {
                    "source" : "Internet movie database",
                    "score" : 100.0,
                    "votes" : 2
                },
                {
                    "source" : "Rotten tomatoes",
                    "score" : 95.9,
                    "votes" : 34
                },
                {
                    "source" : "Metacritic",
                    "score" : 97.3,
                    "votes" : 12
                }
            ]
        },
        {
            "id" : 22,
            "title": "AMISTAD MIDSUMMER",
            "release_year": "2006",
            "length": 85,
            "description": "A Emotional Character Study of a Dentist And a Crocodile who must Meet a Sumo Wrestler in California",
            "rating": "G",
            "special_features": "Commentaries,Behind the Scenes",
            "image": "",
            "language_id": 1,
            "reviews" :
            [
                {
                    "source" : "Internet movie database",
                    "score" : 88.3,
                    "votes" : 1876
                },
                {
                    "source" : "Rotten tomatoes",
                    "score" : 65.9,
                    "votes" : 3978
                },
                {
                    "source" : "Metacritic",
                    "score" : 77.0,
                    "votes" : 345
                }
            ]
        },
        {
            "id" : 23,
            "title": "ANACONDA CONFESSIONS",
            "release_year": "2006",
            "length": 92,
            "description": "A Lacklusture Display of a Dentist And a Dentist who must Fight a Girl in Australia",
            "rating": "R",
            "special_features": "Trailers,Deleted Scenes",
            "image": "",
            "language_id": 1,
            "reviews" :
            [
                {
                    "source" : "Internet movie database",
                    "score" : 78.2,
                    "votes" : 463
                },
                {
                    "source" : "Rotten tomatoes",
                    "score" : 83.9,
                    "votes" : 987
                },
                {
                    "source" : "Metacritic",
                    "score" : 75.0,
                    "votes" : 245
                }
            ]
        },
        {
            "id" : 24,
            "title": "ANALYZE HOOSIERS",
            "release_year": "2006",
            "length": 181,
            "description": "A Thoughtful Display of a Explorer And a Pastry Chef who must Overcome a Feminist in The Sahara Desert",
            "rating": "R",
            "special_features": "Trailers,Behind the Scenes",
            "image": "",
            "language_id": 1,
            "reviews" :
            [
                {
                    "source" : "Internet movie database",
                    "score" : 65.3,
                    "votes" : 43
                },
                {
                    "source" : "Rotten tomatoes",
                    "score" : 44.4,
                    "votes" : 54
                },
                {
                    "source" : "Metacritic",
                    "score" : 47.0,
                    "votes" : 77
                }
            ]
        },
        {
            "id" : 25,
            "title": "ANGELS LIFE",
            "release_year": "2006",
            "length": 74,
            "description": "A Thoughtful Display of a Woman And a Astronaut who must Battle a Robot in Berlin",
            "rating": "G",
            "special_features": "Trailers",
            "image": "",
            "language_id": 1,
            "reviews" :
            [
                {
                    "source" : "Internet movie database",
                    "score" : 60.2,
                    "votes" : 353
                },
                {
                    "source" : "Rotten tomatoes",
                    "score" : 64.9,
                    "votes" : 998
                },
                {
                    "source" : "Metacritic",
                    "score" : 54.3,
                    "votes" : 878
                }
            ]
        },
        {
            "id" : 26,
            "title": "ANNIE IDENTITY",
            "release_year": "2006",
            "length": 86,
            "description": "A Amazing Panorama of a Pastry Chef And a Boat who must Escape a Woman in An Abandoned Amusement Park",
            "rating": "G",
            "special_features": "Commentaries,Deleted Scenes",
            "image": "",
            "language_id": 1,
            "reviews" :
            [
                {
                    "source" : "Internet movie database",
                    "score" : 11.1,
                    "votes" : 567
                },
                {
                    "source" : "Rotten tomatoes",
                    "score" : 12.9,
                    "votes" : 8764
                },
                {
                    "source" : "Metacritic",
                    "score" : 14.0,
                    "votes" : 234
                }
            ]
        },
        {
            "id" : 27,
            "title": "ANONYMOUS HUMAN",
            "release_year": "2006",
            "length": 179,
            "description": "A Amazing Reflection of a Database Administrator And a Astronaut who must Outrace a Database Administrator in A Shark Tank",
            "rating": "NC-17",
            "special_features": "Deleted Scenes,Behind the Scenes",
            "image": "",
            "language_id": 1,
            "reviews" :
            [
                {
                    "source" : "Internet movie database",
                    "score" : 84.1,
                    "votes" : 2020
                },
                {
                    "source" : "Rotten tomatoes",
                    "score" : 90.2,
                    "votes" : 2932
                },
                {
                    "source" : "Metacritic",
                    "score" : 92.0,
                    "votes" : 3009
                }
            ]
        },
        {
            "id" : 28,
            "title": "ANTHEM LUKE",
            "release_year": "2006",
            "length": 91,
            "description": "A Touching Panorama of a Waitress And a Woman who must Outrace a Dog in An Abandoned Amusement Park",
            "rating": "PG-13",
            "special_features": "Deleted Scenes,Behind the Scenes",
            "image": "",
            "language_id": 1,
            "reviews" :
            [
                {
                    "source" : "Internet movie database",
                    "score" : 97.3,
                    "votes" : 3
                },
                {
                    "source" : "Rotten tomatoes",
                    "score" : 95.3,
                    "votes" : 55
                },
                {
                    "source" : "Metacritic",
                    "score" : 90.0,
                    "votes" : 65
                }
            ]
        },
        {
            "id" : 29,
            "title": "ANTITRUST TOMATOES",
            "release_year": "2006",
            "length": 168,
            "description": "A Fateful Yarn of a Womanizer And a Feminist who must Succumb a Database Administrator in Ancient India",
            "rating": "NC-17",
            "special_features": "Trailers,Commentaries,Deleted Scenes",
            "image": "",
            "language_id": 1,
            "reviews" :
            [
                {
                    "source" : "Internet movie database",
                    "score" : 10.2,
                    "votes" : 3
                },
                {
                    "source" : "Rotten tomatoes",
                    "score" : 35.4,
                    "votes" : 465
                },
                {
                    "source" : "Metacritic",
                    "score" : 42.0,
                    "votes" : 3456
                }
            ]
        },
        {
            "id" : 30,
            "title": "ANYTHING SAVANNAH",
            "release_year": "2006",
            "length": 82,
            "description": "A Epic Story of a Pastry Chef And a Woman who must Chase a Feminist in An Abandoned Fun House",
            "rating": "R",
            "special_features": "Trailers,Deleted Scenes,Behind the Scenes",
            "image": "",
            "language_id": 1,
            "reviews" :
            [
                {
                    "source" : "Internet movie database",
                    "score" : 97.1,
                    "votes" : 1746
                },
                {
                    "source" : "Rotten tomatoes",
                    "score" : 93.9,
                    "votes" : 1645
                },
                {
                    "source" : "Metacritic",
                    "score" : 88.2,
                    "votes" : 1735
                }
            ]
        },
        {
            "id" : 31,
            "title": "APACHE DIVINE",
            "release_year": "2006",
            "length": 92,
            "description": "A Awe-Inspiring Reflection of a Pastry Chef And a Teacher who must Overcome a Sumo Wrestler in A U-Boat",
            "rating": "NC-17",
            "special_features": "Commentaries,Deleted Scenes,Behind the Scenes",
            "image": "",
            "language_id": 1,
            "reviews" :
            [
                {
                    "source" : "Internet movie database",
                    "score" : 89.5,
                    "votes" : 1756
                },
                {
                    "source" : "Rotten tomatoes",
                    "score" : 88.3,
                    "votes" : 1475
                },
                {
                    "source" : "Metacritic",
                    "score" : 85.0,
                    "votes" : 1526
                }
            ]
        },
        {
            "id" : 32,
            "title": "APOCALYPSE FLAMINGOS",
            "release_year": "2006",
            "length": 119,
            "description": "A Astounding Story of a Dog And a Squirrel who must Defeat a Woman in An Abandoned Amusement Park",
            "rating": "R",
            "special_features": "Trailers,Commentaries",
            "image": "",
            "language_id": 1,
            "reviews" :
            [
                {
                    "source" : "Internet movie database",
                    "score" : 55.3,
                    "votes" : 63
                },
                {
                    "source" : "Rotten tomatoes",
                    "score" : 52.4,
                    "votes" : 73
                },
                {
                    "source" : "Metacritic",
                    "score" : 50.0,
                    "votes" : 73
                }
            ]
        },
        {
            "id" : 33,
            "title": "APOLLO TEEN",
            "release_year": "2006",
            "length": 153,
            "description": "A Action-Packed Reflection of a Crocodile And a Explorer who must Find a Sumo Wrestler in An Abandoned Mine Shaft",
            "rating": "PG-13",
            "special_features": "Trailers,Commentaries,Deleted Scenes,Behind the Scenes",
            "image": "",
            "language_id": 1,
            "reviews" :
            [
                {
                    "source" : "Internet movie database",
                    "score" : 46.2,
                    "votes" : 16345
                },
                {
                    "source" : "Rotten tomatoes",
                    "score" : 33.9,
                    "votes" : 345
                },
                {
                    "source" : "Metacritic",
                    "score" : 36.4,
                    "votes" : 3745
                }
            ]
        },
        {
            "id" : 34,
            "title": "ARABIA DOGMA",
            "release_year": "2006",
            "length": 62,
            "description": "A Touching Epistle of a Madman And a Mad Cow who must Defeat a Student in Nigeria",
            "rating": "NC-17",
            "special_features": "Commentaries,Deleted Scenes",
            "image": "",
            "language_id": 1,
            "reviews" :
            [
                {
                    "source" : "Internet movie database",
                    "score" : 23.2,
                    "votes" : 55
                },
                {
                    "source" : "Rotten tomatoes",
                    "score" : 55.9,
                    "votes" : 23
                },
                {
                    "source" : "Metacritic",
                    "score" : 35.0,
                    "votes" : 67
                }
            ]
        },
        {
            "id" : 35,
            "title": "ARACHNOPHOBIA ROLLERCOASTER",
            "release_year": "2006",
            "length": 147,
            "description": "A Action-Packed Reflection of a Pastry Chef And a Composer who must Discover a Mad Scientist in The First Manned Space Station",
            "rating": "PG-13",
            "special_features": "Trailers,Deleted Scenes,Behind the Scenes",
            "image": "",
            "language_id": 1,
            "reviews" :
            [
                {
                    "source" : "Internet movie database",
                    "score" : 14.2,
                    "votes" : 25
                },
                {
                    "source" : "Rotten tomatoes",
                    "score" : 16.9,
                    "votes" : 54
                },
                {
                    "source" : "Metacritic",
                    "score" : 11.0,
                    "votes" : 65
                }
            ]
        },
        {
            "id" : 36,
            "title": "ARGONAUTS TOWN",
            "release_year": "2006",
            "length": 127,
            "description": "A Emotional Epistle of a Forensic Psychologist And a Butler who must Challenge a Waitress in An Abandoned Mine Shaft",
            "rating": "PG-13",
            "special_features": "Trailers,Commentaries",
            "image": "",
            "language_id": 1,
            "reviews" :
            [
                {
                    "source" : "Internet movie database",
                    "score" : 32.2,
                    "votes" : 123
                },
                {
                    "source" : "Rotten tomatoes",
                    "score" : 56.9,
                    "votes" : 423
                },
                {
                    "source" : "Metacritic",
                    "score" : 78.0,
                    "votes" : 534
                }
            ]
        },
        {
            "id" : 37,
            "title": "ARIZONA BANG",
            "release_year": "2006",
            "length": 121,
            "description": "A Brilliant Panorama of a Mad Scientist And a Mad Cow who must Meet a Pioneer in A Monastery",
            "rating": "PG",
            "special_features": "Trailers,Deleted Scenes",
            "image": "",
            "language_id": 1,
            "reviews" :
            [
                {
                    "source" : "Internet movie database",
                    "score" : 44.2,
                    "votes" : 234
                },
                {
                    "source" : "Rotten tomatoes",
                    "score" : 30.9,
                    "votes" : 444
                },
                {
                    "source" : "Metacritic",
                    "score" : 65.0,
                    "votes" : 825
                }
            ]
        },
        {
            "id" : 38,
            "title": "ARK RIDGEMONT",
            "release_year": "2006",
            "length": 68,
            "description": "A Beautiful Yarn of a Pioneer And a Monkey who must Pursue a Explorer in The Sahara Desert",
            "rating": "NC-17",
            "special_features": "Trailers,Commentaries,Deleted Scenes,Behind the Scenes",
            "image": "",
            "language_id": 1,
            "reviews" :
            [
                {
                    "source" : "Internet movie database",
                    "score" : 100.0,
                    "votes" : 1
                },
                {
                    "source" : "Rotten tomatoes",
                    "score" : 100.0,
                    "votes" : 2
                },
                {
                    "source" : "Metacritic",
                    "score" : 100.0,
                    "votes" : 3
                }
            ]
        },
        {
            "id" : 39,
            "title": "ARMAGEDDON LOST",
            "release_year": "2006",
            "length": 99,
            "description": "A Fast-Paced Tale of a Boat And a Teacher who must Succumb a Composer in An Abandoned Mine Shaft",
            "rating": "G",
            "special_features": "Trailers",
            "image": "",
            "language_id": 1,
            "reviews" :
            [
                {
                    "source" : "Internet movie database",
                    "score" : 0.2,
                    "votes" : 13
                },
                {
                    "source" : "Rotten tomatoes",
                    "score" : 0.0,
                    "votes" : 5
                },
                {
                    "source" : "Metacritic",
                    "score" : 14.0,
                    "votes" : 12
                }
            ]
        },
        {
            "id" : 40,
            "title": "ARMY FLINTSTONES",
            "release_year": "2006",
            "length": 148,
            "description": "A Boring Saga of a Database Administrator And a Womanizer who must Battle a Waitress in Nigeria",
            "rating": "R",
            "special_features": "Trailers,Commentaries",
            "image": "",
            "language_id": 1,
            "reviews" :
            [
                {
                    "source" : "Internet movie database",
                    "score" : 97.2,
                    "votes" : 134
                },
                {
                    "source" : "Rotten tomatoes",
                    "score" : 67.9,
                    "votes" : 534
                },
                {
                    "source" : "Metacritic",
                    "score" : 78.0,
                    "votes" : 515
                }
            ]
        },
        {
            "id" : 41,
            "title": "ARSENIC INDEPENDENCE",
            "release_year": "2006",
            "length": 137,
            "description": "A Fanciful Documentary of a Mad Cow And a Womanizer who must Find a Dentist in Berlin",
            "rating": "PG",
            "special_features": "Trailers,Deleted Scenes,Behind the Scenes",
            "image": "",
            "language_id": 1,
            "reviews" :
            [
                {
                    "source" : "Internet movie database",
                    "score" : 89.4,
                    "votes" : 123
                },
                {
                    "source" : "Rotten tomatoes",
                    "score" : 77.9,
                    "votes" : 626
                },
                {
                    "source" : "Metacritic",
                    "score" : 65.4,
                    "votes" : 848
                }
            ]
        },
        {
            "id" : 42,
            "title": "ARTIST COLDBLOODED",
            "release_year": "2006",
            "length": 170,
            "description": "A Stunning Reflection of a Robot And a Moose who must Challenge a Woman in California",
            "rating": "NC-17",
            "special_features": "Trailers,Behind the Scenes",
            "image": "",
            "language_id": 1,
            "reviews" :
            [
                {
                    "source" : "Internet movie database",
                    "score" : 42.2,
                    "votes" : 14141
                },
                {
                    "source" : "Rotten tomatoes",
                    "score" : 12.8,
                    "votes" : 345
                },
                {
                    "source" : "Metacritic",
                    "score" : 56.0,
                    "votes" : 456
                }
            ]
        },
        {
            "id" : 43,
            "title": "ATLANTIS CAUSE",
            "release_year": "2006",
            "length": 170,
            "description": "A Thrilling Yarn of a Feminist And a Hunter who must Fight a Technical Writer in A Shark Tank",
            "rating": "G",
            "special_features": "Behind the Scenes",
            "image": "",
            "language_id": 1,
            "reviews" :
            [
                {
                    "source" : "Internet movie database",
                    "score" : 88.3,
                    "votes" : 412
                },
                {
                    "source" : "Rotten tomatoes",
                    "score" : 83.9,
                    "votes" : 1234
                },
                {
                    "source" : "Metacritic",
                    "score" : 33.0,
                    "votes" : 12
                }
            ]
        },
        {
            "id" : 44,
            "title": "ATTACKS HATE",
            "release_year": "2006",
            "length": 113,
            "description": "A Fast-Paced Panorama of a Technical Writer And a Mad Scientist who must Find a Feminist in An Abandoned Mine Shaft",
            "rating": "PG-13",
            "special_features": "Trailers,Behind the Scenes",
            "image": "",
            "language_id": 1,
            "reviews" :
            [
                {
                    "source" : "Internet movie database",
                    "score" : 54.2,
                    "votes" : 141
                },
                {
                    "source" : "Rotten tomatoes",
                    "score" : 22.3,
                    "votes" : 12
                },
                {
                    "source" : "Metacritic",
                    "score" : 67.1,
                    "votes" : 54
                }
            ]
        },
        {
            "id" : 45,
            "title": "ATTRACTION NEWTON",
            "release_year": "2006",
            "length": 83,
            "description": "A Astounding Panorama of a Composer And a Frisbee who must Reach a Husband in Ancient Japan",
            "rating": "PG-13",
            "special_features": "Trailers,Behind the Scenes",
            "image": "",
            "language_id": 1,
            "reviews" :
            [
                {
                    "source" : "Internet movie database",
                    "score" : 99.2,
                    "votes" : 1312
                },
                {
                    "source" : "Rotten tomatoes",
                    "score" : 87.9,
                    "votes" : 13
                },
                {
                    "source" : "Metacritic",
                    "score" : 89.0,
                    "votes" : 123
                }
            ]
        },
        {
            "id" : 46,
            "title": "AUTUMN CROW",
            "release_year": "2006",
            "length": 108,
            "description": "A Beautiful Tale of a Dentist And a Mad Cow who must Battle a Moose in The Sahara Desert",
            "rating": "G",
            "special_features": "Trailers,Commentaries,Deleted Scenes,Behind the Scenes",
            "image": "",
            "language_id": 1,
            "reviews" :
            [
                {
                    "source" : "Internet movie database",
                    "score" : 12.2,
                    "votes" : 1234
                },
                {
                    "source" : "Rotten tomatoes",
                    "score" : 45.9,
                    "votes" : 6666
                },
                {
                    "source" : "Metacritic",
                    "score" : 32.0,
                    "votes" : 4233
                }
            ]
        },
        {
            "id" : 47,
            "title": "BABY HALL",
            "release_year": "2006",
            "length": 153,
            "description": "A Boring Character Study of a A Shark And a Girl who must Outrace a Feminist in An Abandoned Mine Shaft",
            "rating": "NC-17",
            "special_features": "Commentaries",
            "image": "",
            "language_id": 1,
            "reviews" :
            [
                {
                    "source" : "Internet movie database",
                    "score" : 62.2,
                    "votes" : 2355
                },
                {
                    "source" : "Rotten tomatoes",
                    "score" : 72.9,
                    "votes" : 432
                },
                {
                    "source" : "Metacritic",
                    "score" : 82.0,
                    "votes" : 3345
                }
            ]
        },
        {
            "id" : 48,
            "title": "BACKLASH UNDEFEATED",
            "release_year": "2006",
            "length": 118,
            "description": "A Stunning Character Study of a Mad Scientist And a Mad Cow who must Kill a Car in A Monastery",
            "rating": "PG-13",
            "special_features": "Trailers,Behind the Scenes",
            "image": "",
            "language_id": 1,
            "reviews" :
            [
                {
                    "source" : "Internet movie database",
                    "score" : 78.2,
                    "votes" : 463
                },
                {
                    "source" : "Rotten tomatoes",
                    "score" : 83.9,
                    "votes" : 987
                },
                {
                    "source" : "Metacritic",
                    "score" : 75.0,
                    "votes" : 245
                }
            ]
        },
        {
            "id" : 49,
            "title": "BADMAN DAWN",
            "release_year": "2006",
            "length": 162,
            "description": "A Emotional Panorama of a Pioneer And a Composer who must Escape a Mad Scientist in A Jet Boat",
            "rating": "R",
            "special_features": "Trailers,Commentaries,Behind the Scenes",
            "image": "",
            "language_id": 1,
            "reviews" :
            [
                {
                    "source" : "Internet movie database",
                    "score" : 34.2,
                    "votes" : 33
                },
                {
                    "source" : "Rotten tomatoes",
                    "score" : 56.9,
                    "votes" : 3656
                },
                {
                    "source" : "Metacritic",
                    "score" : 32.1,
                    "votes" : 432
                }
            ]
        },
        {
            "id" : 50,
            "title": "BAKED CLEOPATRA",
            "release_year": "2006",
            "length": 182,
            "description": "A Stunning Drama of a Forensic Psychologist And a Husband who must Overcome a Waitress in A Monastery",
            "rating": "G",
            "special_features": "Commentaries,Behind the Scenes",
            "image": "",
            "language_id": 1,
            "reviews" :
            [
                {
                    "source" : "Internet movie database",
                    "score" : 78.2,
                    "votes" : 234
                },
                {
                    "source" : "Rotten tomatoes",
                    "score" : 99.9,
                    "votes" : 23
                },
                {
                    "source" : "Metacritic",
                    "score" : 87.0,
                    "votes" : 55
                }
            ]
        },
        {
            "id" : 51,
            "title": "BALLOON HOMEWARD",
            "release_year": "2006",
            "length": 75,
            "description": "A Insightful Panorama of a Forensic Psychologist And a Mad Cow who must Build a Mad Scientist in The First Manned Space Station",
            "rating": "NC-17",
            "special_features": "Deleted Scenes",
            "image": "",
            "language_id": 1,
            "reviews" :
            [
                {
                    "source" : "Internet movie database",
                    "score" : 97.2,
                    "votes" : 345
                },
                {
                    "source" : "Rotten tomatoes",
                    "score" : 95.9,
                    "votes" : 978
                },
                {
                    "source" : "Metacritic",
                    "score" : 66.0,
                    "votes" : 5142
                }
            ]
        },
        {
            "id" : 52,
            "title": "BALLROOM MOCKINGBIRD",
            "release_year": "2006",
            "length": 173,
            "description": "A Thrilling Documentary of a Composer And a Monkey who must Find a Feminist in California",
            "rating": "G",
            "special_features": "Commentaries,Deleted Scenes",
            "image": "",
            "language_id": 1,
            "reviews" :
            [
                {
                    "source" : "Internet movie database",
                    "score" : 13.9,
                    "votes" : 234
                },
                {
                    "source" : "Rotten tomatoes",
                    "score" : 10.9,
                    "votes" : 534
                },
                {
                    "source" : "Metacritic",
                    "score" : 5.0,
                    "votes" : 539
                }
            ]
        },
        {
            "id" : 53,
            "title": "BANG KWAI",
            "release_year": "2006",
            "length": 87,
            "description": "A Epic Drama of a Madman And a Cat who must Face a A Shark in An Abandoned Amusement Park",
            "rating": "NC-17",
            "special_features": "Commentaries,Deleted Scenes,Behind the Scenes",
            "image": "",
            "language_id": 1,
            "reviews" :
            [
                {
                    "source" : "Internet movie database",
                    "score" : 98.1,
                    "votes" : 12
                },
                {
                    "source" : "Rotten tomatoes",
                    "score" : 87.9,
                    "votes" : 32
                },
                {
                    "source" : "Metacritic",
                    "score" : 78.0,
                    "votes" : 43
                }
            ]
        },
        {
            "id" : 54,
            "title": "BANGER PINOCCHIO",
            "release_year": "2006",
            "length": 113,
            "description": "A Awe-Inspiring Drama of a Car And a Pastry Chef who must Chase a Crocodile in The First Manned Space Station",
            "rating": "R",
            "special_features": "Trailers,Commentaries,Deleted Scenes",
            "image": "",
            "language_id": 1,
            "reviews" :
            [
                {
                    "source" : "Internet movie database",
                    "score" : 12.2,
                    "votes" : 51
                },
                {
                    "source" : "Rotten tomatoes",
                    "score" : 3.9,
                    "votes" : 4
                },
                {
                    "source" : "Metacritic",
                    "score" : 4.0,
                    "votes" : 54
                }
            ]
        },
        {
            "id" : 55,
            "title": "BARBARELLA STREETCAR",
            "release_year": "2006",
            "length": 65,
            "description": "A Awe-Inspiring Story of a Feminist And a Cat who must Conquer a Dog in A Monastery",
            "rating": "G",
            "special_features": "Behind the Scenes",
            "image": "",
            "language_id": 1,
            "reviews" :
            [
                {
                    "source" : "Internet movie database",
                    "score" : 75.2,
                    "votes" : 8645
                },
                {
                    "source" : "Rotten tomatoes",
                    "score" : 35.9,
                    "votes" : 456
                },
                {
                    "source" : "Metacritic",
                    "score" : 47.0,
                    "votes" : 252
                }
            ]
        },
        {
            "id" : 56,
            "title": "BAREFOOT MANCHURIAN",
            "release_year": "2006",
            "length": 129,
            "description": "A Intrepid Story of a Cat And a Student who must Vanquish a Girl in An Abandoned Amusement Park",
            "rating": "G",
            "special_features": "Trailers,Commentaries",
            "image": "",
            "language_id": 1,
            "reviews" :
            [
                {
                    "source" : "Internet movie database",
                    "score" : 12.5,
                    "votes" : 43
                },
                {
                    "source" : "Rotten tomatoes",
                    "score" : 32.6,
                    "votes" : 11
                },
                {
                    "source" : "Metacritic",
                    "score" : 44.9,
                    "votes" : 44
                }
            ]
        },
        {
            "id" : 57,
            "title": "BASIC EASY",
            "release_year": "2006",
            "length": 90,
            "description": "A Stunning Epistle of a Man And a Husband who must Reach a Mad Scientist in A Jet Boat",
            "rating": "PG-13",
            "special_features": "Deleted Scenes",
            "image": "",
            "language_id": 1,
            "reviews" :
            [
                {
                    "source" : "Internet movie database",
                    "score" : 43.5,
                    "votes" : 42
                },
                {
                    "source" : "Rotten tomatoes",
                    "score" : 33.5,
                    "votes" : 66
                },
                {
                    "source" : "Metacritic",
                    "score" : 12.0,
                    "votes" : 423
                }
            ]
        },
        {
            "id" : 58,
            "title": "BEACH HEARTBREAKERS",
            "release_year": "2006",
            "length": 122,
            "description": "A Fateful Display of a Womanizer And a Mad Scientist who must Outgun a A Shark in Soviet Georgia",
            "rating": "G",
            "special_features": "Deleted Scenes,Behind the Scenes",
            "image": "",
            "language_id": 1,
            "reviews" :
            [
                {
                    "source" : "Internet movie database",
                    "score" : 53.2,
                    "votes" : 213
                },
                {
                    "source" : "Rotten tomatoes",
                    "score" : 33.9,
                    "votes" : 742
                },
                {
                    "source" : "Metacritic",
                    "score" : 77.0,
                    "votes" : 13
                }
            ]
        },
        {
            "id" : 59,
            "title": "BEAR GRACELAND",
            "release_year": "2006",
            "length": 160,
            "description": "A Astounding Saga of a Dog And a Boy who must Kill a Teacher in The First Manned Space Station",
            "rating": "R",
            "special_features": "Deleted Scenes",
            "image": "",
            "language_id": 1,
            "reviews" :
            [
                {
                    "source" : "Internet movie database",
                    "score" : 22.2,
                    "votes" : 4
                },
                {
                    "source" : "Rotten tomatoes",
                    "score" : 87.9,
                    "votes" : 2
                },
                {
                    "source" : "Metacritic",
                    "score" : 9.0,
                    "votes" : 43
                }
            ]
        },
        {
            "id" : 60,
            "title": "BEAST HUNCHBACK",
            "release_year": "2006",
            "length": 89,
            "description": "A Awe-Inspiring Epistle of a Student And a Squirrel who must Defeat a Boy in Ancient China",
            "rating": "R",
            "special_features": "Deleted Scenes,Behind the Scenes",
            "image": "",
            "language_id": 1,
            "reviews" :
            [
                {
                    "source" : "Internet movie database",
                    "score" : 22.4,
                    "votes" : 76
                },
                {
                    "source" : "Rotten tomatoes",
                    "score" : 65.0,
                    "votes" : 23
                },
                {
                    "source" : "Metacritic",
                    "score" : 44.0,
                    "votes" : 99
                }
            ]
        },
        {
            "id" : 61,
            "title": "BEAUTY GREASE",
            "release_year": "2006",
            "length": 175,
            "description": "A Fast-Paced Display of a Composer And a Moose who must Sink a Robot in An Abandoned Mine Shaft",
            "rating": "G",
            "special_features": "Trailers,Commentaries",
            "image": "",
            "language_id": 1,
            "reviews" :
            [
                {
                    "source" : "Internet movie database",
                    "score" : 2.2,
                    "votes" : 34
                },
                {
                    "source" : "Rotten tomatoes",
                    "score" : 1.9,
                    "votes" : 2
                },
                {
                    "source" : "Metacritic",
                    "score" : 4.0,
                    "votes" : 3
                }
            ]
        },
        {
            "id" : 62,
            "title": "BED HIGHBALL",
            "release_year": "2006",
            "length": 106,
            "description": "A Astounding Panorama of a Lumberjack And a Dog who must Redeem a Woman in An Abandoned Fun House",
            "rating": "NC-17",
            "special_features": "Trailers,Commentaries,Deleted Scenes",
            "image": "",
            "language_id": 1,
            "reviews" :
            [
                {
                    "source" : "Internet movie database",
                    "score" : 83.2,
                    "votes" : 33
                },
                {
                    "source" : "Rotten tomatoes",
                    "score" : 44.9,
                    "votes" : 87
                },
                {
                    "source" : "Metacritic",
                    "score" : 77.0,
                    "votes" : 23
                }
            ]
        },
        {
            "id" : 63,
            "title": "BEDAZZLED MARRIED",
            "release_year": "2006",
            "length": 73,
            "description": "A Astounding Character Study of a Madman And a Robot who must Meet a Mad Scientist in An Abandoned Fun House",
            "rating": "PG",
            "special_features": "Trailers,Deleted Scenes,Behind the Scenes",
            "image": "",
            "language_id": 1,
            "reviews" :
            [
                {
                    "source" : "Internet movie database",
                    "score" : 78.2,
                    "votes" : 12
                },
                {
                    "source" : "Rotten tomatoes",
                    "score" : 83.9,
                    "votes" : 234
                },
                {
                    "source" : "Metacritic",
                    "score" : 72.0,
                    "votes" : 6543
                }
            ]
        },
        {
            "id" : 64,
            "title": "BEETHOVEN EXORCIST",
            "release_year": "2006",
            "length": 151,
            "description": "A Epic Display of a Pioneer And a Student who must Challenge a Butler in The Gulf of Mexico",
            "rating": "PG-13",
            "special_features": "Commentaries,Behind the Scenes",
            "image": "",
            "language_id": 1,
            "reviews" :
            [
                {
                    "source" : "Internet movie database",
                    "score" : 36.2,
                    "votes" : 6534
                },
                {
                    "source" : "Rotten tomatoes",
                    "score" : 67.9,
                    "votes" : 534
                },
                {
                    "source" : "Metacritic",
                    "score" : 23.0,
                    "votes" : 456
                }
            ]
        },
        {
            "id" : 65,
            "title": "BEHAVIOR RUNAWAY",
            "release_year": "2006",
            "length": 100,
            "description": "A Unbelieveable Drama of a Student And a Husband who must Outrace a Sumo Wrestler in Berlin",
            "rating": "PG",
            "special_features": "Trailers,Deleted Scenes,Behind the Scenes",
            "image": "",
            "language_id": 1,
            "reviews" :
            [
                {
                    "source" : "Internet movie database",
                    "score" : 88.2,
                    "votes" : 23
                },
                {
                    "source" : "Rotten tomatoes",
                    "score" : 66.9,
                    "votes" : 634
                },
                {
                    "source" : "Metacritic",
                    "score" : 44.0,
                    "votes" : 634
                }
            ]
        },
        {
            "id" : 66,
            "title": "BENEATH RUSH",
            "release_year": "2006",
            "length": 53,
            "description": "A Astounding Panorama of a Man And a Monkey who must Discover a Man in The First Manned Space Station",
            "rating": "NC-17",
            "special_features": "Commentaries,Deleted Scenes",
            "image": "",
            "language_id": 1,
            "reviews" :
            [
                {
                    "source" : "Internet movie database",
                    "score" : 88.4,
                    "votes" : 534
                },
                {
                    "source" : "Rotten tomatoes",
                    "score" : 22.3,
                    "votes" : 13
                },
                {
                    "source" : "Metacritic",
                    "score" : 33.7,
                    "votes" : 15
                }
            ]
        },
        {
            "id" : 67,
            "title": "BERETS AGENT",
            "release_year": "2006",
            "length": 77,
            "description": "A Taut Saga of a Crocodile And a Boy who must Overcome a Technical Writer in Ancient China",
            "rating": "PG-13",
            "special_features": "Deleted Scenes",
            "image": "",
            "language_id": 1,
            "reviews" :
            [
                {
                    "source" : "Internet movie database",
                    "score" : 66.2,
                    "votes" : 8756
                },
                {
                    "source" : "Rotten tomatoes",
                    "score" : 44.9,
                    "votes" : 6345
                },
                {
                    "source" : "Metacritic",
                    "score" : 88.0,
                    "votes" : 2345
                }
            ]
        },
        {
            "id" : 68,
            "title": "BETRAYED REAR",
            "release_year": "2006",
            "length": 122,
            "description": "A Emotional Character Study of a Boat And a Pioneer who must Find a Explorer in A Shark Tank",
            "rating": "NC-17",
            "special_features": "Commentaries,Deleted Scenes,Behind the Scenes",
            "image": "",
            "language_id": 1,
            "reviews" :
            [
                {
                    "source" : "Internet movie database",
                    "score" : 34.2,
                    "votes" : 54
                },
                {
                    "source" : "Rotten tomatoes",
                    "score" : 66.9,
                    "votes" : 45
                },
                {
                    "source" : "Metacritic",
                    "score" : 33.0,
                    "votes" : 6
                }
            ]
        },
        {
            "id" : 69,
            "title": "BEVERLY OUTLAW",
            "release_year": "2006",
            "length": 85,
            "description": "A Fanciful Documentary of a Womanizer And a Boat who must Defeat a Madman in The First Manned Space Station",
            "rating": "R",
            "special_features": "Trailers",
            "image": "",
            "language_id": 1,
            "reviews" :
            [
                {
                    "source" : "Internet movie database",
                    "score" : 85.3,
                    "votes" : 13
                },
                {
                    "source" : "Rotten tomatoes",
                    "score" : 74.5,
                    "votes" : 345
                },
                {
                    "source" : "Metacritic",
                    "score" : 84.0,
                    "votes" : 2554
                }
            ]
        },
        {
            "id" : 70,
            "title": "BIKINI BORROWERS",
            "release_year": "2006",
            "length": 142,
            "description": "A Astounding Drama of a Astronaut And a Cat who must Discover a Woman in The First Manned Space Station",
            "rating": "NC-17",
            "special_features": "Commentaries,Deleted Scenes",
            "image": "",
            "language_id": 1,
            "reviews" :
            [
                {
                    "source" : "Internet movie database",
                    "score" : 78.3,
                    "votes" : 234
                },
                {
                    "source" : "Rotten tomatoes",
                    "score" : 83.9,
                    "votes" : 645
                },
                {
                    "source" : "Metacritic",
                    "score" : 75.4,
                    "votes" : 63
                }
            ]
        },
        {
            "id" : 71,
            "title": "BILKO ANONYMOUS",
            "release_year": "2006",
            "length": 100,
            "description": "A Emotional Reflection of a Teacher And a Man who must Meet a Cat in The First Manned Space Station",
            "rating": "PG-13",
            "special_features": "Commentaries,Deleted Scenes,Behind the Scenes",
            "image": "",
            "language_id": 1,
            "reviews" :
            [
                {
                    "source" : "Internet movie database",
                    "score" : 34.2,
                    "votes" : 14
                },
                {
                    "source" : "Rotten tomatoes",
                    "score" : 65.9,
                    "votes" : 51
                },
                {
                    "source" : "Metacritic",
                    "score" : 23.0,
                    "votes" : 54
                }
            ]
        },
        {
            "id" : 72,
            "title": "BILL OTHERS",
            "release_year": "2006",
            "length": 93,
            "description": "A Stunning Saga of a Mad Scientist And a Forensic Psychologist who must Challenge a Squirrel in A MySQL Convention",
            "rating": "PG",
            "special_features": "Trailers,Commentaries",
            "image": "",
            "language_id": 1,
            "reviews" :
            [
                {
                    "source" : "Internet movie database",
                    "score" : 64.2,
                    "votes" : 356
                },
                {
                    "source" : "Rotten tomatoes",
                    "score" : 23.9,
                    "votes" : 35
                },
                {
                    "source" : "Metacritic",
                    "score" : 65.3,
                    "votes" : 3
                }
            ]
        },
        {
            "id" : 73,
            "title": "BINGO TALENTED",
            "release_year": "2006",
            "length": 150,
            "description": "A Touching Tale of a Girl And a Crocodile who must Discover a Waitress in Nigeria",
            "rating": "PG-13",
            "special_features": "Trailers,Commentaries",
            "image": "",
            "language_id": 1,
            "reviews" :
            [
                {
                    "source" : "Internet movie database",
                    "score" : 99.2,
                    "votes" : 33
                },
                {
                    "source" : "Rotten tomatoes",
                    "score" : 100.0,
                    "votes" : 23
                },
                {
                    "source" : "Metacritic",
                    "score" : 99.8,
                    "votes" : 4
                }
            ]
        },
        {
            "id" : 74,
            "title": "BIRCH ANTITRUST",
            "release_year": "2006",
            "length": 162,
            "description": "A Fanciful Panorama of a Husband And a Pioneer who must Outgun a Dog in A Baloon",
            "rating": "PG",
            "special_features": "Trailers,Commentaries,Deleted Scenes",
            "image": "",
            "language_id": 1,
            "reviews" :
            [
                {
                    "source" : "Internet movie database",
                    "score" : 42.2,
                    "votes" : 13
                },
                {
                    "source" : "Rotten tomatoes",
                    "score" : 22.9,
                    "votes" : 31
                },
                {
                    "source" : "Metacritic",
                    "score" : 66.0,
                    "votes" : 41
                }
            ]
        },
        {
            "id" : 75,
            "title": "BIRD INDEPENDENCE",
            "release_year": "2006",
            "length": 163,
            "description": "A Thrilling Documentary of a Car And a Student who must Sink a Hunter in The Canadian Rockies",
            "rating": "G",
            "special_features": "Commentaries,Behind the Scenes",
            "image": "",
            "language_id": 1,
            "reviews" :
            [
                {
                    "source" : "Internet movie database",
                    "score" : 84.2,
                    "votes" : 64
                },
                {
                    "source" : "Rotten tomatoes",
                    "score" : 35.9,
                    "votes" : 626
                },
                {
                    "source" : "Metacritic",
                    "score" : 65.0,
                    "votes" : 422
                }
            ]
        },
        {
            "id" : 76,
            "title": "BIRDCAGE CASPER",
            "release_year": "2006",
            "length": 103,
            "description": "A Fast-Paced Saga of a Frisbee And a Astronaut who must Overcome a Feminist in Ancient India",
            "rating": "NC-17",
            "special_features": "Commentaries,Deleted Scenes,Behind the Scenes",
            "image": "",
            "language_id": 1,
            "reviews" :
            [
                {
                    "source" : "Internet movie database",
                    "score" : 93.2,
                    "votes" : 66
                },
                {
                    "source" : "Rotten tomatoes",
                    "score" : 77.3,
                    "votes" : 33
                },
                {
                    "source" : "Metacritic",
                    "score" : 44.3,
                    "votes" : 77
                }
            ]
        },
        {
            "id" : 77,
            "title": "BIRDS PERDITION",
            "release_year": "2006",
            "length": 61,
            "description": "A Boring Story of a Womanizer And a Pioneer who must Face a Dog in California",
            "rating": "G",
            "special_features": "Trailers,Behind the Scenes",
            "image": "",
            "language_id": 1,
            "reviews" :
            [
                {
                    "source" : "Internet movie database",
                    "score" : 23.3,
                    "votes" : 534
                },
                {
                    "source" : "Rotten tomatoes",
                    "score" : 22.4,
                    "votes" : 5342
                },
                {
                    "source" : "Metacritic",
                    "score" : 26.0,
                    "votes" : 534
                }
            ]
        },
        {
            "id" : 78,
            "title": "BLACKOUT PRIVATE",
            "release_year": "2006",
            "length": 85,
            "description": "A Intrepid Yarn of a Pastry Chef And a Mad Scientist who must Challenge a Secret Agent in Ancient Japan",
            "rating": "PG",
            "special_features": "Trailers,Deleted Scenes",
            "image": "",
            "language_id": 1,
            "reviews" :
            [
                {
                    "source" : "Internet movie database",
                    "score" : 23.2,
                    "votes" : 23
                },
                {
                    "source" : "Rotten tomatoes",
                    "score" : 55.9,
                    "votes" : 3
                },
                {
                    "source" : "Metacritic",
                    "score" : 33.0,
                    "votes" : 4
                }
            ]
        },
        {
            "id" : 79,
            "title": "BLADE POLISH",
            "release_year": "2006",
            "length": 114,
            "description": "A Thoughtful Character Study of a Frisbee And a Pastry Chef who must Fight a Dentist in The First Manned Space Station",
            "rating": "PG-13",
            "special_features": "Trailers,Behind the Scenes",
            "image": "",
            "language_id": 1,
            "reviews" :
            [
                {
                    "source" : "Internet movie database",
                    "score" : 13.0,
                    "votes" : 2
                },
                {
                    "source" : "Rotten tomatoes",
                    "score" : 14.4,
                    "votes" : 3
                },
                {
                    "source" : "Metacritic",
                    "score" : 15.0,
                    "votes" : 4
                }
            ]
        },
        {
            "id" : 80,
            "title": "BLANKET BEVERLY",
            "release_year": "2006",
            "length": 148,
            "description": "A Emotional Documentary of a Student And a Girl who must Build a Boat in Nigeria",
            "rating": "G",
            "special_features": "Trailers",
            "image": "",
            "language_id": 1,
            "reviews" :
            [
                {
                    "source" : "Internet movie database",
                    "score" : 35.4,
                    "votes" : 12
                },
                {
                    "source" : "Rotten tomatoes",
                    "score" : 23.9,
                    "votes" : 13
                },
                {
                    "source" : "Metacritic",
                    "score" : 56.0,
                    "votes" : 14
                }
            ]
        },
        {
            "id" : 81,
            "title": "BLINDNESS GUN",
            "release_year": "2006",
            "length": 103,
            "description": "A Touching Drama of a Robot And a Dentist who must Meet a Hunter in A Jet Boat",
            "rating": "PG-13",
            "special_features": "Trailers,Behind the Scenes",
            "image": "",
            "language_id": 1,
            "reviews" :
            [
                {
                    "source" : "Internet movie database",
                    "score" : 96.2,
                    "votes" : 2
                },
                {
                    "source" : "Rotten tomatoes",
                    "score" : 88.9,
                    "votes" : 3
                },
                {
                    "source" : "Metacritic",
                    "score" : 99.0,
                    "votes" : 5
                }
            ]
        },
        {
            "id" : 82,
            "title": "BLOOD ARGONAUTS",
            "release_year": "2006",
            "length": 71,
            "description": "A Boring Drama of a Explorer And a Man who must Kill a Lumberjack in A Manhattan Penthouse",
            "rating": "G",
            "special_features": "Trailers,Commentaries,Behind the Scenes",
            "image": "",
            "language_id": 1,
            "reviews" :
            [
                {
                    "source" : "Internet movie database",
                    "score" : 96.2,
                    "votes" : 12
                },
                {
                    "source" : "Rotten tomatoes",
                    "score" : 77.9,
                    "votes" : 313
                },
                {
                    "source" : "Metacritic",
                    "score" : 98.0,
                    "votes" : 545
                }
            ]
        },
        {
            "id" : 83,
            "title": "BLUES INSTINCT",
            "release_year": "2006",
            "length": 50,
            "description": "A Insightful Documentary of a Boat And a Composer who must Meet a Forensic Psychologist in An Abandoned Fun House",
            "rating": "G",
            "special_features": "Trailers,Deleted Scenes,Behind the Scenes",
            "image": "",
            "language_id": 1,
            "reviews" :
            [
                {
                    "source" : "Internet movie database",
                    "score" : 74.3,
                    "votes" : 42
                },
                {
                    "source" : "Rotten tomatoes",
                    "score" : 35.8,
                    "votes" : 42
                },
                {
                    "source" : "Metacritic",
                    "score" : 65.0,
                    "votes" : 33
                }
            ]
        },
        {
            "id" : 84,
            "title": "BOILED DARES",
            "release_year": "2006",
            "length": 102,
            "description": "A Awe-Inspiring Story of a Waitress And a Dog who must Discover a Dentist in Ancient Japan",
            "rating": "PG",
            "special_features": "Trailers,Commentaries",
            "image": "",
            "language_id": 1,
            "reviews" :
            [
                {
                    "source" : "Internet movie database",
                    "score" : 25.2,
                    "votes" : 2554
                },
                {
                    "source" : "Rotten tomatoes",
                    "score" : 27.9,
                    "votes" : 534
                },
                {
                    "source" : "Metacritic",
                    "score" : 43.0,
                    "votes" : 34
                }
            ]
        },
        {
            "id" : 85,
            "title": "BONNIE HOLOCAUST",
            "release_year": "2006",
            "length": 63,
            "description": "A Fast-Paced Story of a Crocodile And a Robot who must Find a Moose in Ancient Japan",
            "rating": "G",
            "special_features": "Deleted Scenes",
            "image": "",
            "language_id": 1,
            "reviews" :
            [
                {
                    "source" : "Internet movie database",
                    "score" : 33.2,
                    "votes" : 2
                },
                {
                    "source" : "Rotten tomatoes",
                    "score" : 56.9,
                    "votes" : 4
                },
                {
                    "source" : "Metacritic",
                    "score" : 54.0,
                    "votes" : 5
                }
            ]
        },
        {
            "id" : 86,
            "title": "BOOGIE AMELIE",
            "release_year": "2006",
            "length": 121,
            "description": "A Lacklusture Character Study of a Husband And a Sumo Wrestler who must Succumb a Technical Writer in The Gulf of Mexico",
            "rating": "R",
            "special_features": "Commentaries,Behind the Scenes",
            "image": "",
            "language_id": 1,
            "reviews" :
            [
                {
                    "source" : "Internet movie database",
                    "score" : 12.4,
                    "votes" : 134
                },
                {
                    "source" : "Rotten tomatoes",
                    "score" : 15.8,
                    "votes" : 245
                },
                {
                    "source" : "Metacritic",
                    "score" : 18.3,
                    "votes" : 5345
                }
            ]
        },
        {
            "id" : 87,
            "title": "BOONDOCK BALLROOM",
            "release_year": "2006",
            "length": 76,
            "description": "A Fateful Panorama of a Crocodile And a Boy who must Defeat a Monkey in The Gulf of Mexico",
            "rating": "NC-17",
            "special_features": "Behind the Scenes",
            "image": "",
            "language_id": 1,
            "reviews" :
            [
                {
                    "source" : "Internet movie database",
                    "score" : 96.2,
                    "votes" : 3
                },
                {
                    "source" : "Rotten tomatoes",
                    "score" : 86.9,
                    "votes" : 5
                },
                {
                    "source" : "Metacritic",
                    "score" : 84.0,
                    "votes" : 6
                }
            ]
        },
        {
            "id" : 88,
            "title": "BORN SPINAL",
            "release_year": "2006",
            "length": 179,
            "description": "A Touching Epistle of a Frisbee And a Husband who must Pursue a Student in Nigeria",
            "rating": "PG",
            "special_features": "Trailers,Commentaries,Deleted Scenes",
            "image": "",
            "language_id": 1,
            "reviews" :
            [
                {
                    "source" : "Internet movie database",
                    "score" : 65.2,
                    "votes" : 54
                },
                {
                    "source" : "Rotten tomatoes",
                    "score" : 78.2,
                    "votes" : 65
                },
                {
                    "source" : "Metacritic",
                    "score" : 54.1,
                    "votes" : 3
                }
            ]
        },
        {
            "id" : 89,
            "title": "BORROWERS BEDAZZLED",
            "release_year": "2006",
            "length": 63,
            "description": "A Brilliant Epistle of a Teacher And a Sumo Wrestler who must Defeat a Man in An Abandoned Fun House",
            "rating": "G",
            "special_features": "Commentaries,Deleted Scenes,Behind the Scenes",
            "image": "",
            "language_id": 1,
            "reviews" :
            [
                {
                    "source" : "Internet movie database",
                    "score" : 45.2,
                    "votes" : 24
                },
                {
                    "source" : "Rotten tomatoes",
                    "score" : 44.9,
                    "votes" : 64
                },
                {
                    "source" : "Metacritic",
                    "score" : 32.0,
                    "votes" : 23
                }
            ]
        },
        {
            "id" : 90,
            "title": "BOULEVARD MOB",
            "release_year": "2006",
            "length": 63,
            "description": "A Fateful Epistle of a Moose And a Monkey who must Confront a Lumberjack in Ancient China",
            "rating": "R",
            "special_features": "Trailers",
            "image": "",
            "language_id": 1,
            "reviews" :
            [
                {
                    "source" : "Internet movie database",
                    "score" : 99.3,
                    "votes" : 52
                },
                {
                    "source" : "Rotten tomatoes",
                    "score" : 88.3,
                    "votes" : 6345
                },
                {
                    "source" : "Metacritic",
                    "score" : 77.3,
                    "votes" : 645
                }
            ]
        },
        {
            "id" : 91,
            "title": "BOUND CHEAPER",
            "release_year": "2006",
            "length": 98,
            "description": "A Thrilling Panorama of a Database Administrator And a Astronaut who must Challenge a Lumberjack in A Baloon",
            "rating": "PG",
            "special_features": "Behind the Scenes",
            "image": "",
            "language_id": 1,
            "reviews" :
            [
                {
                    "source" : "Internet movie database",
                    "score" : 43.2,
                    "votes" : 23
                },
                {
                    "source" : "Rotten tomatoes",
                    "score" : 42.9,
                    "votes" : 4
                },
                {
                    "source" : "Metacritic",
                    "score" : 24.0,
                    "votes" : 5
                }
            ]
        },
        {
            "id" : 92,
            "title": "BOWFINGER GABLES",
            "release_year": "2006",
            "length": 72,
            "description": "A Fast-Paced Yarn of a Waitress And a Composer who must Outgun a Dentist in California",
            "rating": "NC-17",
            "special_features": "Trailers,Deleted Scenes",
            "image": "",
            "language_id": 1,
            "reviews" :
            [
                {
                    "source" : "Internet movie database",
                    "score" : 53.4,
                    "votes" : 12
                },
                {
                    "source" : "Rotten tomatoes",
                    "score" : 77.5,
                    "votes" : 31
                },
                {
                    "source" : "Metacritic",
                    "score" : 22.6,
                    "votes" : 13
                }
            ]
        },
        {
            "id" : 93,
            "title": "BRANNIGAN SUNRISE",
            "release_year": "2006",
            "length": 121,
            "description": "A Amazing Epistle of a Moose And a Crocodile who must Outrace a Dog in Berlin",
            "rating": "PG",
            "special_features": "Trailers",
            "image": "",
            "language_id": 1,
            "reviews" :
            [
                {
                    "source" : "Internet movie database",
                    "score" : 23.2,
                    "votes" : 234
                },
                {
                    "source" : "Rotten tomatoes",
                    "score" : 43.9,
                    "votes" : 654
                },
                {
                    "source" : "Metacritic",
                    "score" : 24.0,
                    "votes" : 35
                }
            ]
        },
        {
            "id" : 94,
            "title": "BRAVEHEART HUMAN",
            "release_year": "2006",
            "length": 176,
            "description": "A Insightful Story of a Dog And a Pastry Chef who must Battle a Girl in Berlin",
            "rating": "PG-13",
            "special_features": "Trailers,Deleted Scenes",
            "image": "",
            "language_id": 1,
            "reviews" :
            [
                {
                    "source" : "Internet movie database",
                    "score" : 88.2,
                    "votes" : 22
                },
                {
                    "source" : "Rotten tomatoes",
                    "score" : 55.3,
                    "votes" : 77
                },
                {
                    "source" : "Metacritic",
                    "score" : 77.2,
                    "votes" : 23
                }
            ]
        },
        {
            "id" : 95,
            "title": "BREAKFAST GOLDFINGER",
            "release_year": "2006",
            "length": 123,
            "description": "A Beautiful Reflection of a Student And a Student who must Fight a Moose in Berlin",
            "rating": "G",
            "special_features": "Trailers,Commentaries,Deleted Scenes",
            "image": "",
            "language_id": 1,
            "reviews" :
            [
                {
                    "source" : "Internet movie database",
                    "score" : 25.2,
                    "votes" : 5
                },
                {
                    "source" : "Rotten tomatoes",
                    "score" : 26.9,
                    "votes" : 4
                },
                {
                    "source" : "Metacritic",
                    "score" : 66.0,
                    "votes" : 6
                }
            ]
        },
        {
            "id" : 96,
            "title": "BREAKING HOME",
            "release_year": "2006",
            "length": 169,
            "description": "A Beautiful Display of a Secret Agent And a Monkey who must Battle a Sumo Wrestler in An Abandoned Mine Shaft",
            "rating": "PG-13",
            "special_features": "Trailers,Commentaries",
            "image": "",
            "language_id": 1,
            "reviews" :
            [
                {
                    "source" : "Internet movie database",
                    "score" : 24.2,
                    "votes" : 65
                },
                {
                    "source" : "Rotten tomatoes",
                    "score" : 65.9,
                    "votes" : 34
                },
                {
                    "source" : "Metacritic",
                    "score" : 33.0,
                    "votes" : 1
                }
            ]
        },
        {
            "id" : 97,
            "title": "BRIDE INTRIGUE",
            "release_year": "2006",
            "length": 56,
            "description": "A Epic Tale of a Robot And a Monkey who must Vanquish a Man in New Orleans",
            "rating": "G",
            "special_features": "Trailers,Commentaries,Behind the Scenes",
            "image": "",
            "language_id": 1,
            "reviews" :
            [
                {
                    "source" : "Internet movie database",
                    "score" : 54.2,
                    "votes" : 2345
                },
                {
                    "source" : "Rotten tomatoes",
                    "score" : 35.4,
                    "votes" : 333
                },
                {
                    "source" : "Metacritic",
                    "score" : 66.4,
                    "votes" : 534
                }
            ]
        },
        {
            "id" : 98,
            "title": "BRIGHT ENCOUNTERS",
            "release_year": "2006",
            "length": 73,
            "description": "A Fateful Yarn of a Lumberjack And a Feminist who must Conquer a Student in A Jet Boat",
            "rating": "PG-13",
            "special_features": "Trailers",
            "image": "",
            "language_id": 1,
            "reviews" :
            [
                {
                    "source" : "Internet movie database",
                    "score" : 75.3,
                    "votes" : 432
                },
                {
                    "source" : "Rotten tomatoes",
                    "score" : 73.9,
                    "votes" : 55
                },
                {
                    "source" : "Metacritic",
                    "score" : 86.0,
                    "votes" : 33
                }
            ]
        },
        {
            "id" : 99,
            "title": "BRINGING HYSTERICAL",
            "release_year": "2006",
            "length": 136,
            "description": "A Fateful Saga of a A Shark And a Technical Writer who must Find a Woman in A Jet Boat",
            "rating": "PG",
            "special_features": "Trailers",
            "image": "",
            "language_id": 1,
            "reviews" :
            [
                {
                    "source" : "Internet movie database",
                    "score" : 85.0,
                    "votes" : 3
                },
                {
                    "source" : "Rotten tomatoes",
                    "score" : 64.0,
                    "votes" : 4
                },
                {
                    "source" : "Metacritic",
                    "score" : 58.0,
                    "votes" : 5
                }
            ]
        },
        {
            "id" : 100,
            "title": "BROOKLYN DESERT",
            "release_year": "2006",
            "length": 161,
            "description": "A Beautiful Drama of a Dentist And a Composer who must Battle a Sumo Wrestler in The First Manned Space Station",
            "rating": "R",
            "special_features": "Commentaries",
            "image": "",
            "language_id": 1,
            "reviews" :
            [
                {
                    "source" : "Internet movie database",
                    "score" : 25.4,
                    "votes" : 52
                },
                {
                    "source" : "Rotten tomatoes",
                    "score" : 32.3,
                    "votes" : 33
                },
                {
                    "source" : "Metacritic",
                    "score" : 55.0,
                    "votes" : 55
                }
            ]
        }
    ]
}